Height,Input,Output,Sum,Time,trans_num,block_date,block_hour,block_minute,block_second,trans_per_block,total_btc_per_block,trans_per_day,total_btc_per_day
300001,['1CXpaiN5dgZA8RVrqe3YJ5iG3uWUGJ34yb'],['1E2AqfAqUwzbtYYUnazCUHKjKrGJavUjgC'; '0.0425'; '1CXpaiN5dgZA8RVrqe3YJ5iG3uWUGJ34yb'; '17.9572'],['17.9997'],2014-05-10T06:41:03Z,17.9997,2014-05-10,6,41,3,511,6616.74484675,41491,450842.04480557
300008,['1APuy4J79eyDKJRExoYjEZmGxpmoyMGXnU'; '1LG6ceR68WXfaGKtrMRi5Ek2DoHCm6TyUb'; '14brkcntvRVUhPxzvyMPaeg4WZC7Zj8XXc'],['1JQHiByS9QXxfhHPQEfb9GxaMPfagRdGzG'; '3.22564332'; '1ErdaTkbCvA7jv4z2xfKvgD5NicUyX4bUo'; '0.04614816'],['3.27179148'],2014-05-09T23:30:35Z,3.27179148,2014-05-09,23,30,35,127,1472.28362034,54,21.4990389
300009,['12Ek3PNavi9UnGvyU3vvL5FtRdprjk7F2Z'],['184ZNvCVP6td4yQcE9HghHYC4CCZRuSt9w'; '0.2768'],['0.2768'],2014-05-08T08:26:11Z,0.2768,2014-05-08,8,26,11,93,245.96557898,14,9.46201119
300137,['1yGe5j4xh7fUHdLBcYtLCUj8Rmor4vJzR'],['1K81mFUuwwgmsHKX2kQcMtkiDNb9vy36zS'; '1.1109'; '1yGe5j4xh7fUHdLBcYtLCUj8Rmor4vJzR'; '73.889'],['74.9999'],2014-05-11T00:06:51Z,74.9999,2014-05-11,0,6,51,511,7669.18358195,54688,462745.58053982
300289,['1Ho7sQgc6i6MnG86sdQGXLGo14q8Vdwfft'],['1KGoix7zrVT8eCM99HH2UUrQVxFb6Yj5AA'; '0.0011'; '1Ho7sQgc6i6MnG86sdQGXLGo14q8Vdwfft'; '0.4778'],['0.4789'],2014-05-12T00:02:12Z,0.4789,2014-05-12,0,2,12,1093,8846.49907983,72626,541405.0672728299
300453,['17i9xfybvQz8PDQaJUXehnRAr3WUrxPsCM'],['15p19K7psks9PP2faLhFRrn7ooyimGJaun'; '56.76'; '16wMZW9xMT2CDT9uufhEjWkUgaKp9DFs39'; '200.9085'],['257.6685'],2014-05-13T00:16:38Z,257.6685,2014-05-13,0,16,38,964,4075.63495107,69059,672812.63012559
300615,['1EQ3fxyATvtVJX1ijjejGhF2hLx8uRLbnt'],['1Ae5TsyrEEdkYrFHe2zqJvzLnaYKaJfhbK'; '7.5'; '1LDb8UcLUCq2bnAYty51PFfFYcRhYpn4vZ'; '12.5'],['20'],2014-05-14T00:00:56Z,20,2014-05-14,0,0,56,837,8285.91981151,69673,729744.16666242
300765,['1ZbPLoqjTHY1L5bvX8MBMeJ8tazCDQDzR'; '1DXzdPrgnk4kbcxSYVDv1NpxcXeDihyfG3'],['1ByGyaG9peoHf9iBiADsyx9131wdL7UeJR'; '1078.9898'],['1078.9898'],2014-05-15T00:03:44Z,1078.9898,2014-05-15,0,3,44,649,8837.58671076,74418,817364.26097702
300937,['18FBKHnnLUz4aSx4XxgJhNRzo9FaUXbxnq'],['12YoMmLCQDsmnfvvGZF4UKAHmHTbVJwRiC'; '0.0459'; '18FBKHnnLUz4aSx4XxgJhNRzo9FaUXbxnq'; '1.634'],['1.6799'],2014-05-16T00:00:56Z,1.6799,2014-05-16,0,0,56,105,1101.27189536,65262,647018.86094467
301117,['1N7GNqJRXTv8BDH1UTN1LSEsfFReRtNEbJ'],['17NGjbPHFbWjLPiaVs3aSg4L4v3QCj6tjX'; '11.6104'; '1DbSxZKCcso3qo4gvJkfxgwEB1tb8MNk9P'; '0.057'],['11.6674'],2014-05-17T00:07:57Z,11.6674,2014-05-17,0,7,57,419,1592.2701592199999,53611,485089.804286
301290,['1MEhbqsyCVhZrcoztkAS3iADwhrke3oPPN'],['19eBHPhPshf2kLXTprLGsygF1bP5peE2TK'; '0.1113'; '1MEhbqsyCVhZrcoztkAS3iADwhrke3oPPN'; '8.9165282'],['9.0278282'],2014-05-18T00:10:54Z,9.0278282,2014-05-18,0,10,54,646,5097.61510484,49592,268605.62725398
301352,['14QJNSSzW5pZQ1L6VvLNokiR5oAFMUCE53'],['1CQuMi4sr9PmE5jkKXWJCjDwQ4ibf99HEp'; '0.0051'],['0.0051'],2014-03-11T13:12:58Z,0.0051,2014-03-11,13,12,58,339,1409.89516605,5,0.01454818
301462,['1ArNxqbeEPRLD2z9W9rmoEssDrfvJ2TdEG'],['1KWcNBRQCz1iEFMLDjG48as4UZ8eCEVhVu'; '2.8888'; '1ArNxqbeEPRLD2z9W9rmoEssDrfvJ2TdEG'; '79.461'],['82.3498'],2014-05-19T00:12:59Z,82.3498,2014-05-19,0,12,59,661,4114.25537542,64352,530209.36252426
301630,['19f33fXZ2i3rEGXzq6hJCXgAZNoZ81WVht'],['1EG4awWt6FYR9w1RuChwafcwXCzPiMweV9'; '2.2346'; '19f33fXZ2i3rEGXzq6hJCXgAZNoZ81WVht'; '41.3751'],['43.6097'],2014-05-20T00:00:12Z,43.6097,2014-05-20,0,0,12,440,5949.62946846,71482,1494534.15896744
301807,['1JavK9jgwZQff4ceUBbLs9RWR53PPMdvfN'],['1DApPkJF9vcLzxLM3YM9vSmUfvQvW8x6Dt'; '14'; '1JavK9jgwZQff4ceUBbLs9RWR53PPMdvfN'; '1.9999'],['15.9999'],2014-05-21T00:01:02Z,15.9999,2014-05-21,0,1,2,427,5591.375074510001,69159,723611.38308853
301982,['1823kTgf76CTx9j7uzJTFbAGUH3NaxroK1'],['16goLRHAq2DQaNHyyHRV1vLnh6JKZSJw5A'; '0.0028'; '1E2Qomyx55xYms8adrG1u1sWoHbHSyjjoi'; '718.9786'],['718.9814'],2014-05-22T00:05:38Z,718.9814,2014-05-22,0,5,38,1003,11949.34605807,72828,765546.14914607
302154,['1QD5Pe7GsY6anS85M2k6gatKdc7WRG3ZZf'],['15kRYHoxsgv7m8ZwxMwwih4mdJY1UFS5o3'; '1'; '1QD5Pe7GsY6anS85M2k6gatKdc7WRG3ZZf'; '1.012122'],['2.012122'],2014-05-23T00:01:34Z,2.012122,2014-05-23,0,1,34,419,4389.99642138,72189,1240525.1248647901
302319,['1CHZo7bGHDkdayo3TsMD2qYrM2ou7uzwon'],['1LV594QgNrEz4MAdguktRHcGUVL6sBgd9K'; '20'; '1CHZo7bGHDkdayo3TsMD2qYrM2ou7uzwon'; '129.9991'],['149.9991'],2014-05-24T00:18:20Z,149.9991,2014-05-24,0,18,20,967,17842.45031961,52937,914110.55221591
302473,['15MoU3guLtmvCginTt4ieP3W2YXaK9U2Yn'],['1LXKtExUdQgsXRMkhA9PiBU2w5UBHqoKVh'; '10'; '1KddZkgUvky4GSCKY5P87FDAe3GCrMN6u4'; '90.0036'],['100.0036'],2014-05-25T00:07:12Z,100.0036,2014-05-25,0,7,12,738,9078.93003598,57254,835471.22844824
302634,['1CY5Ag4oP3ujjwawuaBknox63UmZxHHRN4'],['1FjLGrc8roM41ZnxGFYWphMNxvrGBdAeYv'; '978.04672123'; '166KnepkzRpsUM5twpmpj4ji1BdFXrmwzY'; '0.075'],['978.12172123'],2014-05-26T00:00:25Z,978.12172123,2014-05-26,0,0,25,534,4754.69102645,67215,757893.80913702
302792,['1QKDsGKXyoMZdkuJSon5MXiLhmn9BvSAVu'; '112yg6fqccTZWHbK4FEW337sAh2v4Vtwb8'; '1A2NFtEDTo5ZEQe4q9oLeGjak7x6UfQie'; '1CjRvJa1pKhFhVLxKTnm8zcDzYSYUDZxA'; '12FH7P3DdYntEkvCUSirEVMTPNwUoTgT3Q'; '1LKKi7kF712dFW1W5wjFS7SdibKPC1D66y'; '1JCzjyS2QSPGQ51LkQ8PZPQA1fgNswL8Xc'; '19RwDbYbcFKE87GszjyZLEcznS7hfGacrb'; '1JQKP7pEiK4pykPJtQz3a1yKECn1xHcU5i'; '19WNhXH4j64bAgHUnMFmGLEzsXahSgBnLQ'; '1P35RwFBMZDUZnqcmRrGzWLQr1zgKXA3BN'; '1NnXh9TcNhXHfTJbJzDzXZVdybD3pZs1rD'; '1Gz2Xu2GTBGaHwRESpPJE3G8QgrTXA3SyE'; '176hugSe2jLXfT6GFYne8vR2qHFA4fd3wr'; '1FVtLDP7CVgN2j6UczZ2X4TWZ4ExqohC5j'; '115hkEKTn4HUhjJi62KAUgbbW8gkTM4smy'; '1KpPsJEGJ3NShEe7UBm6qX7fxZFRp6izwD'; '1N32gucV5dki2GK6CRLJ534XJbmjyRdrzM'; '1CyjSL95nKrYBuvfL8ZE6bLDsQYwjDhNB1'; '1Am5xkMtiVQPqjtyn6rTWKHzyzXeBR4m4E'; '1uarpigW1DV5ddHABo8UT2biGuo3CN1UH'; '1LFPkXrULW57NA7Svp3iomJLq1Q1LHB7We'; '1BDFCa9wiwwWNWk2XuUdd2vXq1yAp6Qu3P'; '15xy9y4zqDPMt5F27m1RhnXJvqW9qFx3KC'; '1LyC6o5cpgKHdcKbjzMHxM7SCY922CDBdP'; '1M1WCahERn5Zt5gz4SBmtpJtFroFbZJBZb'; '133HmeTfvuSxkn2Nx8PrE5bU1C46NaWoM2'; '13ZZSJhZ9RSvbL1VRNgk3atyTuYYyvUH4f'; '153xbeSNUJuuud5PSFh8g58ghbLv6Hin8Y'; '19TLLpvzmsX3LJEp1p75hXtcrXxKx1tseD'; '19TTPaAvBXx5HanZ99AYkxCKuFfvrLbure'; '1J1LEYA3wuFPJDMAdQuzN6AZrHy5Zudkof'; '12bbkLyZLsKRdRbNYD6u2vQSBHyRYoRuYy'; '1HQgiwgo8N1ZpcsHWMsib33VsG5nxogRUA'; '1Q49aZ9pcxV4zGBub5nnht31PVe549vvVv'; '1GhS7dA6nQAcR9oLg4f7XXCpdNyzK9edS'; '1Daa2zGhxKePjdqouGLgaY5Tg35vcKuMzG'; '1632rMDw1mhnB7sV1rVV1mmKc9p6oSVy8y'; '1JJeF8GcEDAMH5z7yzRJQYR8qXZXCppWZy'; '18QJLPy6FdwdKYFKdasiR8syycKkBm2sYS'; '1AxRHz8UdMGU8YvyDKXSeQsQrVApWp7zsm'; '1KQX5k7gSGR6TX8cHMLTjqtvdreCuMemJk'; '1MubPvtyEKX5q7WCJisXMRmUwPCDSgXTL3'; '14RfmtsLyyA3m219Kw6hmdAXRqgvXipB6C'; '13qoMedv4fKQ9bH1fEos2uroAZ2N2Yzkvj'; '1GQiwRiPwL68Ms1EM6J2P2etTUULAZg4Wp'; '1BcWtvbJ6kVx2y1qCSWPpED4VmPHdn5jLW'; '1EWR1nDND7AefGbY7mfGvku6bhkr2W74ot'; '1JpTPtQwBnzvZ4DY96oukDjYxhXMRc5hN6'; '1BC3WvSvEx4umB5vC6z3PQCD6xB4ZVPaYy'; '1GBCznKrcwL7gXrNgE9tPeytcaxTzZCkfE'; '1Gdfd4bUK6NokSWsb72aXtpqNwe5fuqsgd'; '13vS7bCbJUiyWxNJuD5kb8qjDdhNkKFJac'; '1JZYPz2QULT3EDHaGdGAqSbS8QDPiGxqMG'; '16EKc4w95abQJLaPcY1B4JwSreYZtgfC4N'; '1C2dbWiNXC4azM9FZWY8r3sEmeZPcw8GyY'; '1M3CgXd5UszeBSHMNfybqXw2QWC7QGtSLd'; '1LUw9q8oXhvMmquTPJ1mBX24YvkePa922p'; '173HYhb3snNKSUMSYybvn71EpWvgeBGVoP'; '1EX8T71MF5jMvhLum1j38Ur8Gvcz9meLoe'; '1KmTUe1UsNa1zPzr6uFyoXK7p8C2fQQmoL'; '1G5XqrLQW5hDQRHSKMtraaqrA9m7Ep2cA2'; '1A1RTzCizzCVo6mrgsnX2jmHSk7PeXaQfZ'; '12XW6rHpyS7m7UDXYPPZPkSJfiRePhNyfg'; '136EQ3ow9eL6CDrUDTzNVth1N9waZVguXj'; '17wVNUn4ukWHTx7eFtFAbHQiGMoWUqUoFK'; '1M3MN51JmEKVRTXS7miu2ssSy1nHVLC6ji'; '1A3wQnapsAGbvmJ7bG5VmJMmoLWkzqFw9e'; '128JRu7sR71sazjpxfpo3T7QrZqoDJptEK'; '14LfgyWTLseXbSvPg59WNxKL8VTwY5vb33'; '1HwjafURDDfYhebatxcvbpdCyK373RpdL1'; '19BmYzbSteee6UAE5QUh5z6UHRAQtX7hNK'; '1Jjo3tjfMJj91jmECEdYNzJXgJSP7REF99'; '13iS5hAGW6fPbdkWcazN5ph4DoQrjeEMnN'; '1NNR35MoHsfFwqtubDppXFKciFmdVAPQuU'; '13Yi5TELsUp1jZRkC7paGJWDhL9JHSWaKY'; '186agx3xBupSm4KfMbRbvPhQQuX9hLvHYi'; '1KT2WyFLgwkQ8d5ajAXfFRLExc4JWcJxas'; '1FN7Q2UX33U79YoRH6jjbP8mZ23tAiyMqn'; '13mmXtfL5XQmRU4fpsuBEsnGf2QBxzHoKo'; '1LWSp6yhdQPH9ycR7JSCuxFQTPDrdEC1UV'; '1HSXg3sJdGxXreWZmmTwt82TEES61puRZ'; '17dTMTfYpkc9xDWXemd35YR5TC6m28EH9F'; '1FsLS1ajhYXzSnd8KgBTs2UJVovmuvGwo8'; '1PN2zJSgwWQrSR6GVb4xvSdBM3PLoiDL3G'; '1K9ovhFKKt4PVi3G3m3juFTLCqKREQHN2s'; '12RobswxCJ1wZQs45UbpiW5vgwCdok84nF'; '15q6rWEhUxcDDaDjm9QpCfkBp3ynFBp53E'; '1dew2sjf6KyfiV9btzh5PZzhL9qfNm4VB'; '197rr2WP6WVq2G9c18f5M2ZNpdFi7RDvzr'; '1EXXVwfuVAzkxzXAXrUpu3v52web8PEJyG'; '1PfaW8L8xPJXHwCcHEQk1fsvUWh23exrDU'; '16zzytkzp5R6C6HWRw6E43A9t4xtRp16uC'; '1gGMvUcSMMmjXXhtVeXNmP4oHraWJuj8G'; '1GNU6ei7tkhazrhezrBLdVaDYSFVQM7HM9'; '1BiLYvRCsBFTHpZ9GdM52oeFnFHriFUqNS'; '1Jpvpi9dyWGgNXy6rDefkUXcPkpNSrKPct'; '1B8uvzUvWjvTC6jU6aTYJYukdiofF71kP9'; '1G8QcsAwqqYC9QNahsq2MuJoZyT3PMLyer'; '1KkkpXWSLceU56jtYhBnEb1svtKRBiXhH4'; '1ECUUHJutFx28fzci9abYCLUau6oJ3Siuw'; '1MGvdH6HPwrjihtQmiFi9w7vdx6EDEgaSJ'; '1CNKXgKB5fwYrCyNYJyx9NahZXgq3ZNg6J'; '1BJjRk94VLmAtRd3eMKmfq1QwFF6ntV5v6'; '1BPnxm4FbciFFBck6XgDWqAED7Nq4LQJF7'; '1BArJWjdjzZXtVrmKWv4CNcrZhZfKWBusM'; '16RdSsEHJHzmv7wGD9JzSEKeQmN1yAxJtS'; '1MK6yZRvYjctdypou1AbeR8enkfyJDHk3t'; '1HmEeL6EjsuYjFEPrsXfzTs9ox39bmueLC'; '1APPnLoRA7g7QE6yVqQRqtSGjVuUX7FVJ6'; '1H4sXfc7KjTKgULd38dRWNUBniavFtmWcK'; '177RtgRvMGkxjZQ93GaqaEpXRZitQMmn5c'; '1A78WxBfem2NQGSMXiajUMWMg6axae9jiH'; '137mrfdrYjHVpYXqcxdTCCnKrXPiFyx9yk'; '1Aft83ESZBJVXSZZNFCD2rLXQUTiCd1naq'; '14dfCNz85Z9oQpe4e1brTnyf7avjTidebm'; '14MTkvt28UHQe6DqCz7ZMmbrCrZXhZZx6q'; '1Bev3tAu3PGaEEVc4JGTdCeugKwhWKC7qU'; '1JkBbbeefNHQ6YNHM5QdYzrNKsMubnDF1i'; '1MaXb4bcDTKRMxx1FuwQGULaP5amuCWokg'; '1Di8pS2pNdWsWRMoL9jARpde18rjsPVWNc'; '1GAMcNQmgkD26iywJVVirqpsAVwW3P9Hdu'; '1M4o1Wr49N3aGRGPQvM3Vnk7d4bkNhh14w'; '1MY5LzfYKWukzQUKqjZKJwWGBKy8ma7Fkr'; '12ydoxcRtpDrT4kdLy2F7Lr1NQzHAqkpcH'; '16pVLJ8AuDeXM4E1frv9nSk7NAYpf3fuC7'; '1Gm5VMfWrkujDS5W2CauGdvi27qDPeAobX'; '15LV3t87d6ZLq2NHpNdmwSii2sfxKVff6K'; '1KST3MkMCsfbKzwmCMFeJzoxQCAeYYF4tz'; '1EAzHTVNKQGbwgJnXyVBYQTT2NjATBRJMr'; '1GXigsLnVgmnSpfuH4LUGvQWopCk1wQFok'; '1GSfGiMCdEqoB45G5aKNwB1BX8hrePJmUa'; '1FuiuySGS6NxsSsHoEKaGwX2JVEL92vwB5'; '1Bf5s39BkPbbbRfKU55HgwJ7Qjw2zQQcEU'; '1CjsCsTvED3zVzB3rPUTyuCA5DpEtoQL5Y'; '19rVxKr81trmDVWz9mXQ6G3Ge4EG22uDjR'; '148FpHhxrbCaRaLzN6oZHexW3m7Byuk6NK'; '1LPvd5hTz6S5KdzLeCFLWhoBYM2srK6zrM'; '1B3Do7nbMX2tbANZYiDt3Z3Hx3HhWFYcXP'; '1LMaXryhMfWBrWqKQbRrnZxjehHYvkZ5Dd'; '18isuUJH6qfMwfu8gRF6DCWFsy2oEWRjUi'; '1LiFewNiNGiJdJEqMW28ccBN21pXS6mNrS'; '128aRh4WBnvDzgxSK8SBdZi7wzQLZm6o1K'; '1KWFFMXhYZTvzsy8jj6crxPjFVgx9VuoC7'; '12WSbwGzRSkpzqqcfDBKjqZF4xtZLtSgJf'; '1BBxB8p9ubMiiVZohtnQa4zKDg2W3UGpM7'; '12AoTWahn6ryPbRHUJsibDvXSHMeZZz2AT'],['16R14EH4v8A9GPXkAAP8gcMFBA8oxA8nbY'; '2246.34802733'],['2246.34802733'],2014-05-27T00:00:18Z,2246.34802733,2014-05-27,0,0,18,255,3921.69899338,68667,950208.38462472
302928,['1Koh5GktyKvoUw67onj7Jg7GcP45WLYEXR'],['1AHunEvFM29f8QZxKtW5k7Qn4TAB4iNndu'; '0.583699'; '1Koh5GktyKvoUw67onj7Jg7GcP45WLYEXR'; '1.416201'],['1.9999'],2014-05-28T00:00:57Z,1.9999,2014-05-28,0,0,57,851,4312.31945896,71899,865516.73663522
303097,['1EdaymC4r3EG3mKJUJCCTbuFfYVExsqRZc'],['19FR4hjwhEF7gYmd5MhmynwtWvExHTyzSx'; '10'; '1EdaymC4r3EG3mKJUJCCTbuFfYVExsqRZc'; '21.8499'],['31.8499'],2014-05-29T00:04:12Z,31.8499,2014-05-29,0,4,12,671,10344.21877541,64607,652075.47212169
303238,['1PRcEYrCwnQ5XZ5H3XtE1wBMZju6VH3GEv'],['1Minee6w1JyB5Z1S8SrF4WCEgnAtoFZbWo'; '0.02169917'; '19HUJy5vk92zEtNfDEPVKn9TkmEEaVSgoU'; '0.00129343'; '19kX5Gu2dWFHiyCqb5vApndb71LbpnQkyc'; '23.40254842'; '1GFxPcJ7UqV76aWwcdZg9YJa1ARKmUq9rr'; '0.0011031'],['23.42664412'],2014-05-30T00:00:06Z,23.42664412,2014-05-30,0,0,6,54,69.07650566,65163,927195.50623738
303405,['1FYf5TPaRbF7GNANfeXLTStfxFbGJJx33b'; '1Jy3esAv5taotATdcEvMktu82o1HN35QqJ'; '1KWG4rgmHiLzcz9zHePBptK9EghExg7Udu'],['1FkgHQWmmYXZzNgmZzq6KPMX3S39rsuw9k'; '3.94685491'],['3.94685491'],2014-05-31T00:00:43Z,3.94685491,2014-05-31,0,0,43,420,4666.20671938,51944,584664.40386018
303552,['1FhFmCCJNDyCNrVhFu8KwHwohrBYi9ajZJ'],['1DD14eVQKUBstY2xE7QgWs1JPtbxEhTjEe'; '0.001'; '1ANLQKFKDVuqfEqssidRRqWUQoADsw167J'; '0.00768577'],['0.00868577'],2014-06-01T00:00:43Z,0.00868577,2014-06-01,0,0,43,318,2218.0691523,55220,738370.26168193
303727,['1EnP9XEdqGk7xc3iNFsrRRMG4sVzBHj7Bh'],['18JuoCT8p9ChE5QjqXWzzSuN2BuYhNxk5s'; '0.24009'; '19vLMf7Sk9Y27DhMbR8tFyUgPRHTkekjfw'; '6.86691'],['7.107'],2014-06-02T00:06:26Z,7.107,2014-06-02,0,6,26,541,5025.4129357,64695,952488.44305967
303920,['1PqeMdCUq8rd7yywbkhoW8oKQZSUEyoddF'],['1GpxwxvwVbEEeZ2XtDma5eFqwhaSnRnKqx'; '86.23887139'; '17JfGuyzRKGyw5TuWeViiH7UWZp8i1D8qt'; '0.01'],['86.24887139'],2014-06-03T00:00:31Z,86.24887139,2014-06-03,0,0,31,644,8335.5137333,68972,897309.46819869
304097,['3KPjtDNyTi8Lw1rH4VLDqBJjqFhNC4oAac'],['13kkVxyBMtnz3ymXmit47x2pEJ21AwLCzf'; '0.14811246'],['0.14811246'],2014-06-04T00:00:01Z,0.14811246,2014-06-04,0,0,1,69,194.25342301999999,64857,1034526.28094997
304279,['1KDTrwwu2wsBoQBUDBJX27RsvmjmcMr84S'],['1LmZt3XPeznZRkzwKfuQBA947BEAHkhtej'; '1.1'; '1MPNYpEB2DbbE5CuPcREuUDqzGMqi7MPst'; '5.5010811'],['6.6010811'],2014-06-05T00:09:56Z,6.6010811,2014-06-05,0,9,56,975,16456.28873031,67403,955987.4677393
304431,['13AHL4EgDW6RV6jJRGfsYfsHqb43McsrBG'],['1Q7jR8tLteL6C59bLYwWm26pcRjFFYFJdi'; '0.03796392'; '13AHL4EgDW6RV6jJRGfsYfsHqb43McsrBG'; '126.96133608'],['126.9993'],2014-06-06T00:05:41Z,126.9993,2014-06-06,0,5,41,1064,24107.09551451,61381,1031983.6060753
304570,['1GMDsQFdyyaYDAxtarg6pRb4N8t66MELuP'],['16mrAdkBVWyhBgd3ne7SXxi1XkxkU1QD5D'; '0.031'; '1DYhmrbv2DoaSj4S4jhAF7TXZnsuPhHLg2'; '0.05'],['0.081'],2014-06-07T00:02:56Z,0.081,2014-06-07,0,2,56,290,686.74126989,51249,607733.49520872
304725,['17Nk3M54APnNnHmQ1iDnQXtLys99EXDxBB'],['18hjiTwRmZeXv82ZfgA8CLuDu9PfCvCGDn'; '50.0001'],['50.0001'],2014-06-08T00:03:27Z,50.0001,2014-06-08,0,3,27,904,9398.03657655,48427,765307.20910654
304861,['14j7brbGgCdDZSnwhA8scnZpjR8qd4NsrU'],['16NA9AvpwzvVuNRLjbjgRNTtPR43dzeMRk'; '0.1'; '14j7brbGgCdDZSnwhA8scnZpjR8qd4NsrU'; '0.26539593'],['0.36539593'],2014-06-09T00:02:23Z,0.36539593,2014-06-09,0,2,23,511,614.13945857,59157,384302.43546602
305017,['1LSurub8gSyNCwXobuLgFNyQ42t5VmwG1v'],['12SoUbMm8nAzArih9U5bEScMxr4nJFm8VB'; '0.25'; '1LSurub8gSyNCwXobuLgFNyQ42t5VmwG1v'; '3.74743442'],['3.99743442'],2014-06-10T00:00:58Z,3.99743442,2014-06-10,0,0,58,123,1149.48654482,64297,599524.11374877
305184,['3Aats5HzypR59S5EEANctyRo5mKdQPs6EV'],['12N2u3uWNTxRqe2Kb13X6puErfW4URZ2r8'; '5'; '3Aats5HzypR59S5EEANctyRo5mKdQPs6EV'; '20.31898781'],['25.31898781'],2014-06-11T00:07:02Z,25.31898781,2014-06-11,0,7,2,634,2852.79434243,62900,533770.97582456
305330,['1LjqWVDMMdpU4qDJqQncVZ5svsQNhqqHjU'],['18NVaFYtnThXW7jhpKnermxAvYEwUpQdHp'; '0.035'; '19uFPkQwNvcvG4FFE1ApNBRNumZWXNCmUH'; '0.09'],['0.125'],2014-06-12T00:01:38Z,0.125,2014-06-12,0,1,38,787,5287.0025347499995,63992,1103454.60872633
305502,['1Zj6fujkp9XHfT8VhRMF8Ej3HjUtAx73Y'],['1CREnaHnC5sAxdZgJ4Kz8N6H9Ksrg28SoP'; '0.01'; '1Zj6fujkp9XHfT8VhRMF8Ej3HjUtAx73Y'; '1.9848371'],['1.9948371'],2014-06-13T00:00:49Z,1.9948371,2014-06-13,0,0,49,241,4371.1667920400005,64725,742751.22260289
305665,['1AkDhUb23puci2UwHEqTc1dxzjKePS4ij6'],['1MS1p2W8GyWbJaiGXWnw5sUgJiGst5RVQb'; '0.001'; '1AkDhUb23puci2UwHEqTc1dxzjKePS4ij6'; '9.9984'],['9.9994'],2014-06-14T00:00:55Z,9.9994,2014-06-14,0,0,55,232,777.72723582,53464,456071.37045107
305843,['1Lk5Paws9T1YpoSeLeZT7ZeSQKW7UNq4TJ'],['1PxrkQfPc9cvgPd4okAusye359jUgjcrPH'; '17'; '1Lk5Paws9T1YpoSeLeZT7ZeSQKW7UNq4TJ'; '0.02519434'],['17.02519434'],2014-06-15T00:07:08Z,17.02519434,2014-06-15,0,7,8,378,1409.4667509,54460,455152.55641125
305949,['1oKvmYLxJj4ZRyPZhoEWkngUtozg2t5RR'],['1Dorian4RoXcnBv9hnQ4Y2C1an6NJ4UrjX'; '0.002'; '1oKvmYLxJj4ZRyPZhoEWkngUtozg2t5RR'; '0.002'],['0.004'],2014-03-09T19:48:36Z,0.004,2014-03-09,19,48,36,27,44.25456094,1,0.004
306033,['1AE2X5ZgBF5NTdL6rVPdEbJRXmTFxkbQor'],['1PCu2446FNcFEqAreVb4ispuwVP5h2RKYi'; '71.71241393'; '1CJQryJwgzbCGfeWKjdSBurC8c69tTtdoe'; '0.011'],['71.72341393'],2014-06-16T00:05:52Z,71.72341393,2014-06-16,0,5,52,1023,16099.78627895,67331,729727.91036954
306221,['1FnURpeXK7MriuG9M8agfXeffPF4vGhpde'],['1NDBNFUwYLSYKuWn5DuaQTgYbbYJ98e8He'; '5'; '1FnURpeXK7MriuG9M8agfXeffPF4vGhpde'; '0.9998'],['5.9998'],2014-06-17T00:02:38Z,5.9998,2014-06-17,0,2,38,881,6069.9596997,69075,473644.9753321
306405,['1Gj2rsDdYEzmh7xddKYC2rDWmkEwGZUCzi'],['1A1yTeca4vWzN431Jghz74cNYr5RHAhai6'; '1.9999'],['1.9999'],2014-06-18T00:00:07Z,1.9999,2014-06-18,0,0,7,483,1747.94945249,63774,545261.03004852
306563,['1PufBJk2c2HYq5wNap9yjmjSw6G3iD6mr5'],['1EQvpVvPVtZrwwrSoXY1mMrdVuCqaiVKEy'; '300'; '1PufBJk2c2HYq5wNap9yjmjSw6G3iD6mr5'; '5139.099'],['5439.099'],2014-06-19T00:08:00Z,5439.099,2014-06-19,0,8,0,593,9407.72936597,62141,717440.32141261
306730,['1C9HormWeoiDPTviuGKq3pvT6XcruZRB8o'],['1AcNf9a1akAEbWnyCE4xU3ntTb21B2nBmG'; '0.1'; '1PQ9idzjrQmmfFtb5u4JugAKocwNsS19xh'; '1.231026'],['1.331026'],2014-06-20T00:00:04Z,1.331026,2014-06-20,0,0,4,221,3327.3353964099997,57642,565389.61149312
306916,['15xiShqUqerfjFdyfgBH1K7Gwp6cbYmsTW'],['187b1MZr73iuPGnABu6d4eSYmt2NQHkTqt'; '20'; '1DGvzU9nB2bQLAKR72ZbD1hGcDpGzY8R5N'; '5.61163553'],['25.61163553'],2014-06-21T00:04:52Z,25.61163553,2014-06-21,0,4,52,754,7832.15273004,50811,453889.57718373
307104,['1Ps4cB1c5eKTdk6uTLRgs5MTbffFY2npYu'],['16HMu5Q8STBEswz4JmoSzNHNzvabe8qXsi'; '139.5'],['139.5'],2014-06-22T00:30:51Z,139.5,2014-06-22,0,30,51,511,2958.12091589,50447,527533.72736642
307282,['1B7znDqfffsrRv1gUe9DQY8LQLDS9PnFCZ'; '13hn2qsiY5FVjnTP1CjVY7x4gTNzGqAzNR'; '1JTSmKmQKyrSWM2EHWsvNwY5NSXHAxGxUU'; '15JCcZ1k4pWVfuSUqPT6VoJdhiFaKEKujC'; '1c6Gk2oMnno7jKDy4o9wes94ifPygvhmB'; '1EZcvDe7DrYXvsnTWoC3upCb1Ssc9vfBkP'; '17WQQWTRLfLuWkguAYdaL5bLUinUA7eVdE'; '1L9to11R1YweoQDASBshogpUpejeGFCQfd'; '15VScdYA7eM4WdQCSfUkGAuXWqeofyh2xs'; '17HLmD6LvBgtQDVKMUDTfRVFXCwix4nWr9'; '14iCBQxGF9R6TLUa6wCuy5Pz1Sohy4wQV3'; '13CLx6XTqYHRdMGScYJeT74uQLufQKrnQd'; '1Pa3WhbnrSbC9ZjDh8cZEuAdjbFrXK8U7K'; '12o3jzAsi7xaPMbJ9qHCfQPFh1WkBvL7kz'; '1Jw3vNjVxKKUvorkn49nfdNrLwoduhZepn'; '1MtvvrdigC7iyqTroGsfi685SikZsK2LVH'; '1NbztnJty4pjK1xixLs8TSYSvWACR7iEQx'; '17AGazRCLStNguMDCxDoj7ZQHvaZBWTJZj'; '1NnmZS2LdCTQKGzL5pEWo4djnGd6kaZqMN'; '19to93NJMw8KG4MhcvmJRYEQGy36ds4NTZ'; '1HftVE7emGvQyXVocx7h19jXoFfgTxzwLt'; '1A1y2X2YTXj8K2UdpSmFMdg1L75FwQVhwZ'; '14w36PJjV9H2hKnUAe5eNzswno3i42vjDK'; '13324xVuFgmRHvFVwfRMxd1xsK6LpjM6Sy'; '14zuYsAcYq1C7Uk1NrCL1daxNqeb5H75FG'; '14QqoDPB59zad2Sk52c8ML6My7mTYc3VBq'; '17UW9bfpeHqXg132kAfHnnP6Qk1EfXkipR'; '12XDNsfKRgabREHD6KdT83De7vD4jHkRVJ'; '17NV9GNrq4R3qGFBEjUejE9b2rUtVkVhRu'; '1Bv2c6t4HZLZoEk1RdcfcpkqB6utt9BudA'; '17b5ER4k6UBwrfsGHN2Ztu8xxFP6j4riVx'; '12aMFpqGKUvfTL5B1WJgEvZdDVxEEDD5zx'; '1M2JeeX4LwMZa25nj83q4AswLcxYnNsHDL'; '1BAzTaHd4WKqdFte255ZGLHuQFgrht7NSK'; '16kkEFCyJUiUN1A4eXmsPWPWDb1NZeTZLE'; '1L9GAhuxV9JL7y1nB9Avqno2GufiqFGuQb'; '16MsnRQQSQqtXGVtMqgR39sesgjHRDQdZ7'; '1PznQURhVAxhdkBB8RDgdVHFoLcUqeZYUq'; '1FHNmAFTXHnnrGtVHEdaQVfbBNnwfWrWML'; '1K4bGQNXCjMFNmXHQ2jvH5CK5jYtXWYdBQ'; '1PcK85YXY2XG3CttazaAbh6zYsy7Kh9urs'; '15aogrctRuax3JKs7Z914iBUKtgK7F4EVA'; '126iRhq8rAKHo7W3euvuCnJ4FoQzHTpGWr'; '1ARn12RJ4oBmYZ2wX2fMb1cSso3Ruf8s3n'; '14FFzwNZ8Ta2q149KMdBfdmcyW8TgfPncT'; '1EGx7obz1AnjPUNwdVvNTbX26dv3gi6m9V'; '1P8qqyDSD3GvwVbtvbWNZ1dXpw8kEpjaUq'; '1Ex8WfmpU2kZYwQAx3jRs8PMBpwrJypoXz'; '1F8XdgHfAYyqFHqFBLXN2sNw3Es7n1n25f'; '1Jph7aMA2CALpFxC4EQN6rFy6a77VD5K6L'; '12LwDxCWMgiK3qBTnZVfibKpX6LCzTMw9e'; '1Jqc7pY5aqKvvrQqfQkdTYQ9V4xYqmEYss'; '1Q1DcEdmxr4igUR8fPfj4LxnjWebdAyk2G'; '1M9EgAGDPH8GFsbm78uA6id6waamucG7HL'; '1MfRJXVr9RXEA7ZTXwfMhS3yUHxBshbY7y'; '1HFhZdGrmZGzo3Tgqr2tk5YoXHPAFpziC1'; '127RyxBz7Ha6usDkhjSNPedcAoZdumF197'; '1NcxcF96o99MHxDSHQBvn8aEeL5sDPrqqR'; '1JS9M4NAjwiAr7UXrBXr13Q3DYNukAQfcJ'; '15BfVJpGkNS2gMMGr2WfqXSwiiVippWnMT'; '16MypRcQTU54C84gENGVhzTxyiJUC4fi8v'; '1PfjfiXRdG73QBtD1aUDFn5rzC2p2o6TD6'; '19WEKXVDzeAAyjtu8VZC6WP4EwFA5zcJec'; '17HKkyw4e6nZaYdDuprj2odmC5sHuGi7Vq'; '18h94qiAZ8xhcLDch7wNQrnTNwmDA3REU'; '13qU8gLNF9uBKCupLfAZE4JjYD8JMtiPn6'; '1LCExVA4uS4VxehkWrR8StQVABKM3LKrje'; '1AdU9AaWHCXarLgExFJEG4uRTLc3uMiJUQ'; '1RtWfzWRpxe5ozgsHtxUrVjY3XUvUfvr2'; '1AwVd3TSu2aLFWsNtweZY1g3UBhJP9h8Jt'; '1FUxJzpWtZQKwvXiuXL6BS3uiwTxy2hE89'; '113JACs61eu4eWX6vDp79AFmETwKx5D6Aq'; '1TWEbrPvvQB938PNBtV4cZqWgs5PowwzL'; '149QVC2KdjUwLzxAAjcJRFj2S2LHcc9zDW'; '1H8UeLwUVVD6gggastF8jCa6Pu52Q8e6c5'; '179ULH9JTbdFTA3B4k7Gw8h7SFqh83U7sm'; '1MFRRV9wwn9ypSqKMURQr52Rb7NrS6UbDM'; '13nb2Ns1N4SuJsTE4oYSusDh64qY469iah'; '1KDYFfwtPDfHMrUWk3UczaUcmP47p3sJhm'; '13bnj2NVAjsytZeDcDZKKPyoAuDcWbjxXm'; '159wrBWAWFMTyznXFc7hNy33QSdmSkGPjc'; '1BT1XQLcbVL6adN1oN8AARPqUGQfDpWUAB'; '19c4xgwwFJwNcWoCLQ5stVej8veFQvTMh7'; '1L3EtyjRnvAjwEdy4ocE7EyFDX5YVkD7U4'; '17Qn3SUkg186CTc8V2tyy9FXStv4eL3t3n'; '14kQBsu8MrTYFQaYy1bXRAAC8pLF17MBgE'; '1G3k3PXBpjWsUZ76xBPAE4oGjxtpGzYpjK'; '1LwCjKq5wJHHAiUChLYWpveRgySJB8crVD'; '1KGkoj9Gwm2QJPuXjyszuxvmm7txDCXD2J'; '1GKBozXS2nq658XGHYMw6QGHKEGCDhnn4P'; '1LWSp6yhdQPH9ycR7JSCuxFQTPDrdEC1UV'; '165UAaGGFzdWrRFJo9tDryoETKjdX68qQQ'; '13yzKCKUHHk6rfUJWJMTSDUWCKWZmMFr8t'; '1B8uvzUvWjvTC6jU6aTYJYukdiofF71kP9'; '1Nj7EWhw12ejD8QyhcevAcwPupZBLBGipQ'; '1Ym1zJXPZ88MjUsT17ZRfr1TVfdkAagMn'; '17weNLgAirwRegA2mjh4vFLb9UMsuFSAMj'; '18N1wvxJkRjcAwNXmgtMKcJMY8REUCUaXA'; '1PpT72SdGjQ2GoDTmnaXUGXyHCUgbQBCHj'; '13fQVzbC6sSP8nrS1aR5xaPM4KMiF6RSEe'; '1E7sbhgCVKQb3B2nb5iLMwjcEywaPhun3F'; '1KuSg13UQTB3KeycuQoviAvhUH7Q6N24yy'; '1LZR1ZnSYsG5hZ1UcQAhkJXRxdphqB8bZ6'; '1BTbh75BeZknHGVTUu2gtWumc2r1Z9tLzG'; '1KPziZ5Ar6dvtzfzK9FQMLPCPAysA3TDUP'; '1MWfqwZ7dTk5D3RQjDB7kiiJ8nEcfCEpdE'; '17wizLfwce6ySfVeLXpxj76GvsTiB2b5tp'; '16AMUNsffcMbqrjpRzk4NULKLTiWC5Vurf'; '13UQXHLQHCM8T8gMabTnufv3ew69KYR1W6'; '1H89XYz5eQDURQhRFChk1bxAuaWfe5BtaJ'; '1MY5bR8HJgoPvxBb5jf67o29tKoCSMDz5w'; '1Gpa2PrJ7eTCF5R9wswsDA8WBaJ9HNmKNh'; '14B7fJim9x7BjcDqLPCa6wfEkzFcpppJAP'; '1E8pq6f7A99y565CYgxUZzN17J6JYGLvG8'; '1Lac3co9nPtyqGufFoM255ebeJZbbj6DSC'; '1DiuMWJoxC9ic9N4S6gGLiohVoL2LFxWyp'; '1dBC7iXVTw2K1yv74w7Waw6HUCWLU1AoJ'; '1ALVmeKgZGymC5mFzF4aNGPhT77MtuPWt7'; '1E6cL8unU5iYziSJftFi3xZq2LxMMRywqK'; '19tnqaBf6bdQ5Sd7CWtgzJ5xB2aV81SMv5'; '13XyD9MRf4o1GoZpDfxNEMRLEnreAfCGAU'; '1MyPXKSyRmn1WSXHaQJRP9JytwvSjAiTxy'; '1Pfwyfs9Yxmv6svdWsMZbSW61QTceonDHY'; '1Co2JtHxeKPiAW3gzuwZE8GqPvnLVWEZRx'; '1GAzbqTHzybvF6Y4gKKf5JputaJBZSjxEU'; '1D4k9FgMxpmQSYQ9bFzCExaT5asGh9AqsU'; '1A1xtdfggFvMcTZnX3o4A581yt5TRszCU2'; '1JKH72xHBxwrMjXU1oTs6PtDNPAxsnvvN2'; '1K2iSPHf8VUfy2bdxTJEfuKTvdgzqfWMHL'; '1HJpBFWFJDRWRc2Lx3Kjhk9tMULWttVVEQ'; '1DYCqSnnHCk64chSXFS6yzUWVpEfC1M19C'; '1NW3Dh6eYhtCy5U6TgYp8bCAjssKw4XAto'; '12dqBsHHFKk77qBHfT7NJvNgJqG7CZ7YLD'; '15PmQjHujiSpmdDoby4YmK51V5zoeawQFh'; '1NWkENDbBUkSqBQFwSFs14PKXtU1g1FjLv'; '1uQuVn3hbzUadbjDe1y3Xc24E4xZFdg9m'; '18pGJHzUg1SELHSKmUFEhBAsQb3yu7CT13'; '178X6182S9pn155QGTKT8awSrBNw2kiiqm'; '1BrypPJ6VZvArwRoYx2UXj9mxXnYcwqrYv'; '1K9Nt2wFK9NC2No8rcpeQRvHqDCLdrvGch'],['16R14EH4v8A9GPXkAAP8gcMFBA8oxA8nbY'; '200.9477659'],['200.9477659'],2014-06-23T00:00:39Z,200.9477659,2014-06-23,0,0,39,871,6468.96369604,59635,619588.42790743
307458,['12vQi378B75dxjSGWPnLAUkryGfcBpBAn9'; '1FQuAPjzhPVN5p37J8EXBCAiTa6594KTkL'; '1GzpUy1fNHXFic9ZYTRM9HsibsLRQW2pub'; '1MF2Bzawbx4h98Y2y8k1wkZzcAtjZZZdZ6'; '1879ZtgCiQPpPwxTsbyVXeTdPHkg7cZwC6'; '133G1FozBzPUJ88ePFG3y9zdBkxBkRLnCy'; '17smTzi6Mcjypp7u8iS1JozQ2mwBRAts15'; '12vSS4DaMgNt76Vwva6VKgzX9YVxCabUHK'],['15PRAeMwK9mvth7vr8xJonHZBeku9nMxXv'; '150.588'; '1iP9X7uw4JsNsCzBzC5m8Dqca41GEidit'; '6.51967822'],['157.10767822'],2014-06-24T00:10:31Z,157.10767822,2014-06-24,0,10,31,936,18585.53812743,64293,872642.0060187
307646,['1LTX9wd2xj1JHegmNFUbzJyjthokwKGWY4'],['1MhLt8DZuhBP1i1fH8RbZ55eP9MUwuyDcp'; '1.6'; '1LTX9wd2xj1JHegmNFUbzJyjthokwKGWY4'; '4.2998'],['5.8998'],2014-06-25T00:00:06Z,5.8998,2014-06-25,0,0,6,125,872.62748786,65019,510107.23848258
307834,['3KYtkyKsTcBnWyi3pubvo4Mn2d61oPbDRg'],['3KYtkyKsTcBnWyi3pubvo4Mn2d61oPbDRg'; '737.05025'; '1EU7xYjwZJRkg1AoRSLtbz6tUsusBNgubW'; '10'; '13NfPn4k8Syr1J6rz2FmYYfbi9RTtMzzHt'; '0.0005'],['747.05075'],2014-06-26T00:03:24Z,747.05075,2014-06-26,0,3,24,401,2491.86567217,61510,516542.97618412
308004,['1FgUhV5kzTr7BeEqCnC3bjrmbsGW43UYmR'],['1HkkNjsrMirMqoHSsxgCaoiiVphGo2h2y9'; '0.01'; '1BzE7cXsvPpzRHFKXCBC77DrTnUTVLCYjc'; '35'],['35.01'],2014-06-27T00:02:20Z,35.01,2014-06-27,0,2,20,409,4926.18573319,62681,481952.03107011
308201,['1PjPGt6hdHm8t9jUHQ4PVcL6cY2eCRJRxQ'],['144H4TBJwGwMe8G5tHu4ZpwLs1KhXDcVwS'; '4.970713'; '1KAeeV6yLGRKsbuFK7TzEESG4f2oDL2dFD'; '0.712064'],['5.682777'],2014-06-28T00:03:16Z,5.682777,2014-06-28,0,3,16,338,2267.35425522,54148,334014.84477008
308383,['1BmJ2a1rYM8bdZ971n7VoNdNXVwhT6ec4u'],['1KAK9UD7ATG6vuucz7vnCX36hwsk6RiQFE'; '0.028943'; '15WBHhcY28DCkcFbhNz19Pt2fpu3CSordW'; '3.0868'],['3.115743'],2014-06-29T00:05:56Z,3.115743,2014-06-29,0,5,56,677,4595.23585503,50653,368606.48416664
308540,['1BtgNzKUWfiL95JNYGdrTrzHDVW93mtbtC'],['1KuLVqMY1zmjKCMma4JbfTkMhxava7Ve4R'; '10'; '129D6FfqevSzucfFWGTgFgMGkoLwiRBT4y'; '9.9999'],['19.9999'],2014-06-30T00:02:03Z,19.9999,2014-06-30,0,2,3,827,16163.26099967,68971,672755.27596254
308672,['13jFjtuKoCfSd3bkLJQJg7EoBXWmebvA8x'],['1JLCCDSDxB9Fvg29bKtAs2RKiq4KkBRpbE'; '0.00237891'],['0.00237891'],2014-07-01T00:02:48Z,0.00237891,2014-07-01,0,2,48,1219,14227.36669067,70896,906167.7857360101
308805,['1EkedoRRHevirbACXDx8WC1VbudyRjpm9z'],['1JucPnt8on9H8XY1zqVvYSBtXxKJj2CAd7'; '0.2'; '1FXyEZgrDBCGZ47JcwGJhjW4kkHwbVAGZC'; '2.892787'],['3.092787'],2014-07-02T00:07:41Z,3.092787,2014-07-02,0,7,41,1668,18944.08324445,64122,894364.92094071
308942,['1C5Mx3wuCQt4Dw5ebNmY8dx1HDzbiPTHJD'; '1GehztzyjueArHWo4cHS5LbLSrbh1PJmTF'],['15S35PSaG8R8cdf5B7RXnEN4sm5dtt23WQ'; '78.5'; '1NiFacWvKguVDzL5rnduYavETaGx1nNWXm'; '3.5'],['82'],2014-07-03T00:12:23Z,82,2014-07-03,0,12,23,1081,9029.84621572,62581,599296.04039161
309081,['1F7YAyvfaeRM9zngGCjXWcDphadW8E9fnZ'],['1Dcd3gqeNrvASB9PCvPZKY9RJWcqpMsohL'; '194.89048961'; '13rgFGEzRx5VZzxUNGNUAHqxmF3oFyaQaD'; '0.02357665'],['194.91406626'],2014-07-04T00:02:05Z,194.91406626,2014-07-04,0,2,5,543,2357.81917974,59340,385869.27231423
309247,['18e5XEurT8WEBhoPAaXyJesecY1rzW7eQy'],['11i7B6cAyAFD4w14vXYuGZ8v9tZNfZNi2'; '0.45901124'; '1qqf24LzNxz4zBK2LKihvwL8wSh6pJJVS'; '960.45086095'],['960.90987219'],2014-07-05T00:16:04Z,960.90987219,2014-07-05,0,16,4,908,8488.31061724,49466,417731.57123674
309399,['1LPNtrEwaaX6EKkNE5FFxYHZQaZCFGu6Ri'],['15dxrRTtfpZqPtLzH6JyrZX9v4rgdafEsd'; '2.464904'],['2.464904'],2014-07-06T00:01:02Z,2.464904,2014-07-06,0,1,2,340,1302.4643510800001,52134,370788.96453062
309541,['1MMmBYMD5r8BXH3AibLPdxt2ZM3vvAKAQb'],['18nBM6Z9FB2U3yp6NNvz3Yb6QDX3iTu8Az'; '129.03'; '1MMmBYMD5r8BXH3AibLPdxt2ZM3vvAKAQb'; '29.6021446'],['158.6321446'],2014-07-07T00:07:05Z,158.6321446,2014-07-07,0,7,5,703,4582.40036382,65030,468763.13577486
309691,['1G2MpJyTMDYJnmTgtDwgyPDUxNRNGm8if7'],['18wYDD4CMsTjK2TS5qXrDDiEdfEq3X6mep'; '2.5'; '1Aau6o32sLJMAPMNHR33SjbP7gzwUxin1g'; '2.5008'],['5.0008'],2014-07-08T00:03:16Z,5.0008,2014-07-08,0,3,16,1138,5719.5035428,69801,364345.02927066
309841,['13qK5dUbJaF7kzLD4CVoETvuJZF4hh4mNG'; '14P77Qp5xQ6VAYBbg8nLdsiCK85c8zX3EQ'; '19kyJ7UUyr1WS9yt9CpPpyZ1WvSr1Q6Ks1'; '1MNjsLkggy7k6Mbw8yr2qz2NmYF1Mim6Le'; '1PmAEBfHhkL53ZLTCPg4R3BBfmpyPoofDr'; '1NVNG4viqch6hNc8UxWDZD8rDnHR5UgwXc'; '19kWfe4tnWpv8LFMdiiTmZ9oRT6YWLBqcy'],['12UCV5BiHpGaKQBkqkrUbmjpDAuBJnrzr4'; '1600'],['1600'],2014-07-09T00:09:21Z,1600,2014-07-09,0,9,21,1193,8518.5985064,65214,451748.27647134
